Number of frames: 200,,,,,,,,,,,,,,,,,,,,,,,,,,,,,,
Frequency: 100,,,,,,,,,,,,,,,,,,,,,,,,,,,,,,
Units: mm,,,,,,,,,,,,,,,,,,,,,,,,,,,,,,
,,,,,,,,,,,,,,,,,,,,,,,,,,,,,,
Frame,Marker_1 x,Marker_1 y,Marker_1 z,Marker_2 x,Marker_2 y,Marker_2 z,Marker_3 x,Marker_3 y,Marker_3 z,Marker_4 x,Marker_4 y,Marker_4 z,Marker_5 x,Marker_5 y,Marker_5 z,Marker_6 x,Marker_6 y,Marker_6 z,Marker_7 x,Marker_7 y,Marker_7 z,Marker_8 x,Marker_8 y,Marker_8 z,Marker_9 x,Marker_9 y,Marker_9 z,Marker_10 x,Marker_10 y,Marker_10 z
1,-187.7926941,846.0817261,-3092.850586,-195.5337524,873.4899902,-3081.691162,-136.9971466,859.2122803,-3067.026123,-119.8740463,872.7463989,-3056.096191,-59.34156799,877.9420166,-3038.482422,-72.45173645,859.609436,-3068.387939,-169.896759,693.3448486,-2953.020508,-160.407608,729.057251,-2986.564453,-209.0576935,730.9931641,-2997.929443,-218.3624115,695.1879272,-2964.483887
2,-187.7952881,846.0748901,-3092.830078,-195.531189,873.4949951,-3081.695801,-136.997467,859.2092896,-3067.006836,-119.8729706,872.7495117,-3056.104004,-59.34226608,877.9420166,-3038.476563,-72.45133209,859.6071777,-3068.380371,-169.8894196,693.3197021,-2953.025391,-160.4022522,729.0286255,-2986.57373,-209.0544891,730.9772949,-2997.927002,-218.3594971,695.1746826,-2964.470703
3,-187.8005676,846.0854492,-3092.862793,-195.5349274,873.4967651,-3081.703369,-136.9978485,859.2093506,-3067.004883,-119.8738861,872.7478638,-3056.097656,-59.34226227,877.9400024,-3038.470459,-72.45182037,859.6060181,-3068.38208,-169.8905487,693.3164673,-2953.036621,-160.4011688,729.019104,-2986.596436,-209.0545502,730.973999,-2997.93042,-218.3617401,695.1769409,-2964.475098
4,-187.8012085,846.0859985,-3092.853027,-195.5309753,873.4873047,-3081.662598,-136.9985657,859.2133179,-3067.018066,-119.872261,872.7496338,-3056.109619,-59.34228134,877.9415894,-3038.470947,-72.45206451,859.605896,-3068.387939,-169.9041901,693.3234253,-2953.047607,-160.4058075,729.0238647,-2986.602783,-209.0595093,730.9758911,-2997.945313,-218.3725128,695.1843872,-2964.5
5,-187.7970276,846.0814209,-3092.838623,-195.533783,873.4869995,-3081.662842,-136.9991302,859.2150269,-3067.025879,-119.8742905,872.7532349,-3056.110596,-59.34465408,877.9437866,-3038.474609,-72.45259857,859.6051636,-3068.380615,-169.9203033,693.3381348,-2953.043701,-160.420517,729.0380859,-2986.606689,-209.0726318,730.9874268,-2997.957031,-218.3883514,695.1971436,-2964.497559
6,-187.797287,846.0874023,-3092.843506,-195.5331421,873.4901123,-3081.666748,-137.0006561,859.2138062,-3067.020752,-119.8736954,872.7440796,-3056.096436,-59.342453,877.9456787,-3038.48584,-72.45353699,859.6096191,-3068.401367,-169.9481354,693.3735352,-2953.014404,-160.4422302,729.0645142,-2986.597656,-209.0932465,731.0101318,-2997.954834,-218.4150085,695.2296143,-2964.489258
7,-187.801178,846.0975952,-3092.872314,-195.5319214,873.4967651,-3081.67627,-137.0025177,859.213623,-3067.023926,-119.8750839,872.7439575,-3056.09668,-59.34246826,877.9449463,-3038.480713,-72.45651245,859.6124268,-3068.409424,-170.0006256,693.4372559,-2952.972656,-160.4822998,729.1086426,-2986.560059,-209.1279144,731.0460815,-2997.944092,-218.4587708,695.2797852,-2964.459229
8,-187.8024139,846.0994263,-3092.868896,-195.5289307,873.4940796,-3081.659912,-137.006485,859.2169189,-3067.029297,-119.8729477,872.7451782,-3056.094971,-59.34392929,877.9447021,-3038.47876,-72.45531464,859.6100464,-3068.392334,-170.0756683,693.5275879,-2952.89624,-160.5446167,729.1731567,-2986.503174,-209.1762238,731.0970459,-2997.926025,-218.5296021,695.3505249,-2964.417969
9,-187.8069458,846.0999756,-3092.849609,-195.5311432,873.5021973,-3081.685303,-137.0064087,859.2144165,-3067.01416,-119.8729248,872.7456665,-3056.093994,-59.34320831,877.9440918,-3038.483643,-72.45417023,859.6079102,-3068.388184,-170.1595612,693.6218872,-2952.806885,-160.6007996,729.2410278,-2986.463867,-209.2229614,731.152771,-2997.929199,-218.6076965,695.4335327,-2964.390625
10,-187.8099823,846.1027222,-3092.842773,-195.5354156,873.5065308,-3081.693115,-137.0048218,859.2183228,-3067.019775,-119.8772507,872.7485962,-3056.097656,-59.34547806,877.944458,-3038.488281,-72.45723724,859.6044312,-3068.381104,-170.2148285,693.6798706,-2952.752197,-160.6337433,729.2815552,-2986.438721,-209.2520752,731.1917114,-2997.919189,-218.6528015,695.4945068,-2964.365967
11,-187.8067017,846.1116333,-3092.86499,-195.5325928,873.5045776,-3081.679443,-137.005661,859.2164917,-3067.012451,-119.8773041,872.7443848,-3056.087646,-59.34493637,877.9473877,-3038.495605,-72.45836639,859.6032104,-3068.380371,-170.2218628,693.6888428,-2952.753418,-160.6375427,729.2827148,-2986.444824,-209.2553864,731.2027588,-2997.900146,-218.6586761,695.5123901,-2964.350586
12,-187.8138428,846.1082764,-3092.839355,-195.5399017,873.5073853,-3081.670166,-137.0096588,859.2157593,-3067.010986,-119.8789749,872.7481689,-3056.097656,-59.34508896,877.9504395,-3038.503418,-72.45755768,859.6067505,-3068.395264,-170.1966858,693.6491699,-2952.76123,-160.6132965,729.241394,-2986.447266,-209.238327,731.1812134,-2997.895996,-218.6410522,695.4903564,-2964.343994
13,-187.8066559,846.1063232,-3092.836914,-195.538559,873.510376,-3081.67627,-137.0127106,859.2172241,-3067.022949,-119.8786545,872.7493896,-3056.094971,-59.34613037,877.944397,-3038.486328,-72.4588089,859.6039429,-3068.378906,-170.159256,693.5814209,-2952.795898,-160.5838318,729.177002,-2986.461914,-209.2160797,731.1381836,-2997.883301,-218.6094055,695.4431763,-2964.345947
14,-187.8110046,846.1027222,-3092.827637,-195.536972,873.5109253,-3081.672852,-137.0129089,859.2177734,-3067.035645,-119.8767319,872.7463379,-3056.09375,-59.34440613,877.9395752,-3038.474609,-72.45935822,859.6031494,-3068.383301,-170.1167145,693.5046997,-2952.824219,-160.555069,729.112793,-2986.481934,-209.1921387,731.0910034,-2997.869385,-218.5741425,695.3876343,-2964.3479
15,-187.8117371,846.104248,-3092.834229,-195.5352325,873.5073242,-3081.673828,-137.0111694,859.2139282,-3067.02002,-119.8769684,872.7484131,-3056.102783,-59.34672928,877.9443359,-3038.494141,-72.45978546,859.6047974,-3068.396973,-170.0886078,693.4423828,-2952.838135,-160.5320435,729.0648193,-2986.496582,-209.1734161,731.0540161,-2997.865967,-218.5533447,695.3425293,-2964.358154
16,-187.8094482,846.1135864,-3092.855225,-195.5346985,873.5039673,-3081.676025,-137.008255,859.2088623,-3067.020996,-119.8793945,872.7425537,-3056.091797,-59.34877777,877.9396973,-3038.487793,-72.45960236,859.6016235,-3068.389648,-170.0823059,693.418396,-2952.859619,-160.5275879,729.041626,-2986.498047,-209.1696167,731.036438,-2997.875732,-218.5486908,695.3191528,-2964.361816
17,-187.8146362,846.1176758,-3092.863281,-195.5336609,873.5091553,-3081.682617,-137.0135193,859.2073364,-3067.01416,-119.8794861,872.7412109,-3056.094482,-59.34827042,877.9431763,-3038.490479,-72.46057892,859.5991211,-3068.381836,-170.1061249,693.4290771,-2952.875732,-160.5473022,729.0462036,-2986.503418,-209.1871643,731.0394897,-2997.891357,-218.5669403,695.3225098,-2964.361084
18,-187.8181458,846.1119995,-3092.852295,-195.5383453,873.5076294,-3081.677246,-137.0168762,859.2055664,-3067.005859,-119.8775253,872.7429199,-3056.097168,-59.34856033,877.9468384,-3038.505615,-72.46127319,859.6004639,-3068.386719,-170.1690826,693.4441528,-2952.849854,-160.5925903,729.0585327,-2986.485107,-209.2256622,731.0552368,-2997.896973,-218.6229248,695.34552,-2964.372803
19,-187.8181305,846.1137085,-3092.839111,-195.5375061,873.5076294,-3081.670898,-137.0162659,859.2064819,-3067.016113,-119.8795624,872.7412109,-3056.099854,-59.349617,877.94104,-3038.495605,-72.46143341,859.6003418,-3068.394287,-170.2592773,693.4709473,-2952.81543,-160.6581879,729.0708618,-2986.445068,-209.2861176,731.0786133,-2997.900146,-218.7102051,695.3804321,-2964.385254
20,-187.8167267,846.1146851,-3092.839111,-195.533905,873.503479,-3081.652588,-137.0174408,859.2041016,-3067.003418,-119.8818359,872.7416382,-3056.098633,-59.34986496,877.9406738,-3038.490479,-72.46209717,859.5955811,-3068.383301,-170.3644257,693.5184937,-2952.795166,-160.7338867,729.1051025,-2986.431396,-209.3563232,731.1127319,-2997.910156,-218.805481,695.4284668,-2964.400635
21,-187.818985,846.1161499,-3092.831055,-195.5381775,873.5059814,-3081.655029,-137.0211029,859.2079468,-3067.023438,-119.8808212,872.7337036,-3056.08252,-59.3494072,877.9407349,-3038.490479,-72.46065521,859.5941162,-3068.386719,-170.4687653,693.572876,-2952.770508,-160.8063049,729.1532593,-2986.427002,-209.4217377,731.1651001,-2997.940918,-218.8988953,695.4876709,-2964.412598
22,-187.8261261,846.116272,-3092.818848,-195.5390625,873.5056763,-3081.652344,-137.0212402,859.2056885,-3067.010742,-119.8807755,872.7366943,-3056.089844,-59.35308838,877.9385376,-3038.485107,-72.46367645,859.5941162,-3068.387207,-170.562439,693.6241455,-2952.745605,-160.8737793,729.197998,-2986.418701,-209.4810791,731.2238159,-2997.97876,-218.9879608,695.5481567,-2964.419434
23,-187.8278809,846.1299438,-3092.848145,-195.5393982,873.5109253,-3081.666504,-137.0182495,859.2017212,-3066.995605,-119.8819046,872.7338867,-3056.080322,-59.35502243,877.9416504,-3038.49585,-72.46570587,859.5935669,-3068.384521,-170.647171,693.6661377,-2952.74585,-160.9354248,729.2304077,-2986.411133,-209.5353241,731.267334,-2998.000977,-219.0624084,695.5965576,-2964.429932
24,-187.8292694,846.1329346,-3092.844971,-195.5365448,873.5135498,-3081.676758,-137.0197754,859.2107544,-3067.032471,-119.8796768,872.7311401,-3056.07373,-59.35276032,877.9403687,-3038.491699,-72.46518707,859.5881348,-3068.36792,-170.7118835,693.6824951,-2952.741455,-160.9780579,729.248291,-2986.431885,-209.5781403,731.2940674,-2998.018311,-219.1206512,695.6281738,-2964.457764
25,-187.8313751,846.1369629,-3092.854492,-195.5410004,873.5130005,-3081.657471,-137.0236359,859.2028809,-3067.007568,-119.883316,872.7335815,-3056.087402,-59.35222626,877.9381104,-3038.481934,-72.46942902,859.5890503,-3068.365479,-170.7505493,693.6783447,-2952.76123,-161.0065613,729.2459717,-2986.446045,-209.6039886,731.3045654,-2998.034912,-219.1601563,695.6346436,-2964.468262
26,-187.833374,846.1430054,-3092.863281,-195.5399628,873.519104,-3081.669922,-137.0257111,859.2042847,-3067.006836,-119.8853073,872.7328491,-3056.072266,-59.35118485,877.9420776,-3038.493164,-72.47155762,859.5898438,-3068.372803,-170.7742767,693.6639404,-2952.78125,-161.0270844,729.2276001,-2986.452637,-209.6269073,731.3067017,-2998.048096,-219.1888886,695.6373901,-2964.47876
27,-187.834671,846.1350098,-3092.818115,-195.5423737,873.5192261,-3081.668945,-137.0265961,859.2017822,-3066.992676,-119.884613,872.7313232,-3056.066406,-59.35754776,877.9425659,-3038.489014,-72.47265625,859.590271,-3068.380371,-170.8100281,693.6520996,-2952.791992,-161.0515137,729.2149658,-2986.464111,-209.6551514,731.3002319,-2998.045166,-219.2230225,695.6389771,-2964.504395
28,-187.8365631,846.1462402,-3092.852783,-195.542572,873.5205078,-3081.674072,-137.0286407,859.2050781,-3066.999023,-119.8871841,872.7321167,-3056.066895,-59.36029434,877.9386597,-3038.483154,-72.47357941,859.5910034,-3068.379883,-170.858902,693.6409912,-2952.791504,-161.0867462,729.1984863,-2986.435547,-209.6869202,731.2879639,-2998.049072,-219.2677307,695.6295166,-2964.510254
29,-187.8395996,846.1529541,-3092.853027,-195.5441284,873.5202637,-3081.663086,-137.0286865,859.2047119,-3067.011475,-119.8888321,872.732605,-3056.073975,-59.35841751,877.9403076,-3038.486816,-72.47193909,859.5881958,-3068.369385,-170.9009552,693.6320801,-2952.779297,-161.1183777,729.1864624,-2986.418945,-209.7146606,731.2774658,-2998.042969,-219.3049011,695.6221924,-2964.492188
30,-187.8420105,846.1589355,-3092.858887,-195.5415649,873.515625,-3081.650391,-137.032196,859.2006226,-3066.996338,-119.8874435,872.7323608,-3056.067627,-59.3564949,877.9428101,-3038.487793,-72.47598267,859.5908813,-3068.373535,-170.9337463,693.6414795,-2952.743408,-161.1448212,729.1964111,-2986.420654,-209.7332153,731.2843018,-2998.021729,-219.3378143,695.6362915,-2964.475586
31,-187.8433685,846.1561279,-3092.854736,-195.5449219,873.5272827,-3081.68042,-137.0354462,859.208374,-3067.01416,-119.8877335,872.7302856,-3056.060303,-59.3571434,877.9396362,-3038.473877,-72.47640228,859.588623,-3068.37207,-170.9699097,693.6796875,-2952.708252,-161.1728058,729.2280884,-2986.412598,-209.755722,731.3200073,-2998.035156,-219.372818,695.6793213,-2964.477783
32,-187.8417358,846.1589966,-3092.833496,-195.54776,873.5307007,-3081.682129,-137.0350342,859.2078857,-3067.004395,-119.8912964,872.7354126,-3056.067871,-59.3604126,877.9384766,-3038.476807,-72.47746277,859.5895996,-3068.372314,-171.0068512,693.7377319,-2952.695313,-161.1975403,729.2720947,-2986.388672,-209.7776337,731.361084,-2998.046631,-219.4046631,695.7283936,-2964.479248
33,-187.8468323,846.1755981,-3092.87793,-195.5435181,873.53479,-3081.676514,-137.0361481,859.2112427,-3067.016357,-119.890831,872.7334595,-3056.071533,-59.35857773,877.9378662,-3038.470947,-72.4781189,859.5891724,-3068.375977,-171.0354462,693.7870483,-2952.691406,-161.2169189,729.3153076,-2986.383057,-209.7925568,731.3925781,-2998.04834,-219.4299774,695.7683105,-2964.485352
34,-187.8454742,846.1748047,-3092.866455,-195.5425415,873.5341187,-3081.683838,-137.0393219,859.2121582,-3067.016846,-119.8903961,872.7355957,-3056.077881,-59.35635376,877.9388428,-3038.474609,-72.47603607,859.5800171,-3068.352295,-171.047821,693.8067017,-2952.682373,-161.2270355,729.3345337,-2986.387939,-209.7994995,731.4019775,-2998.04541,-219.4405975,695.7844238,-2964.485352
35,-187.8464661,846.1722412,-3092.849365,-195.5432129,873.5296631,-3081.668701,-137.0372467,859.2086182,-3067.004395,-119.8917389,872.7356567,-3056.079834,-59.3575592,877.9446411,-3038.489014,-72.47939301,859.581604,-3068.351807,-171.04216,693.7920532,-2952.669189,-161.2210846,729.3161621,-2986.376465,-209.7937164,731.388916,-2998.034424,-219.433136,695.770813,-2964.459961
36,-187.8455505,846.171936,-3092.84375,-195.5440369,873.5297852,-3081.668701,-137.0394135,859.208313,-3067.009033,-119.8905487,872.7351685,-3056.072998,-59.35992432,877.937439,-3038.469238,-72.47779083,859.5806885,-3068.358154,-171.0148773,693.7573853,-2952.665771,-161.2010651,729.2837524,-2986.369385,-209.7811432,731.3653564,-2998.026855,-219.4097137,695.7427368,-2964.435791
37,-187.8458862,846.1707153,-3092.835693,-195.5414886,873.5325928,-3081.668457,-137.0399933,859.208252,-3067.009033,-119.8942566,872.7340088,-3056.070313,-59.36239243,877.9344482,-3038.466797,-72.4778595,859.574646,-3068.341797,-170.9929962,693.7348022,-2952.67334,-161.187149,729.2609253,-2986.361084,-209.771225,731.3503418,-2998.011963,-219.3944702,695.7282104,-2964.438965
38,-187.8475189,846.1671143,-3092.825928,-195.5445251,873.5345459,-3081.681641,-137.0438995,859.2030029,-3067.003906,-119.8938675,872.7258301,-3056.048828,-59.36075211,877.9313965,-3038.459473,-72.47942352,859.5773926,-3068.354248,-171.0026398,693.739624,-2952.652588,-161.1924896,729.2606201,-2986.334229,-209.7766571,731.3572998,-2997.97998,-219.4033813,695.7409058,-2964.415771
39,-187.8454132,846.1694946,-3092.819336,-195.5458527,873.5280151,-3081.654541,-137.0435028,859.2007446,-3067.000977,-119.8972473,872.7279663,-3056.061768,-59.36016083,877.9350586,-3038.463867,-72.48122406,859.576355,-3068.352051,-171.0393677,693.776123,-2952.619873,-161.2187805,729.2886963,-2986.32666,-209.79953,731.3858643,-2997.981445,-219.4354095,695.7734375,-2964.379395
40,-187.8524323,846.1702271,-3092.817139,-195.5458832,873.5285645,-3081.650879,-137.0462189,859.2002563,-3066.999268,-119.8960342,872.7295532,-3056.066162,-59.3604393,877.93573,-3038.472656,-72.48197937,859.5698853,-3068.335449,-171.0852814,693.8095703,-2952.588379,-161.2540894,729.3192749,-2986.312988,-209.8270721,731.4061279,-2997.98584,-219.4789124,695.8040771,-2964.384521
41,-187.8520508,846.1752319,-3092.83374,-195.5453491,873.5270386,-3081.648193,-137.043045,859.1948242,-3066.988281,-119.8964462,872.7254639,-3056.056396,-59.36216736,877.9321899,-3038.467773,-72.4830246,859.5708008,-3068.34082,-171.1135712,693.8092651,-2952.587646,-161.2734528,729.3200684,-2986.312256,-209.8453827,731.4018555,-2997.981934,-219.5046234,695.8027344,-2964.393799
42,-187.8535614,846.1809082,-3092.85498,-195.545105,873.5302734,-3081.661133,-137.0495453,859.1984253,-3066.993164,-119.8983612,872.7285156,-3056.06665,-59.36196518,877.9325562,-3038.456299,-72.48284912,859.5740356,-3068.358154,-171.1114655,693.7601318,-2952.612305,-161.2705536,729.2754517,-2986.322754,-209.8440247,731.376709,-2997.994385,-219.5005341,695.7641602,-2964.402832
43,-187.8547211,846.1779175,-3092.839111,-195.5470276,873.5396118,-3081.681152,-137.04953,859.1958618,-3067.001953,-119.8976746,872.7300415,-3056.075928,-59.36378098,877.9332886,-3038.467529,-72.48342133,859.5734253,-3068.352783,-171.0835724,693.6765137,-2952.652832,-161.2479858,729.2003784,-2986.330322,-209.8280792,731.3299561,-2997.984131,-219.4793701,695.7094727,-2964.430664
44,-187.8526001,846.1768799,-3092.843018,-195.5450439,873.534729,-3081.674561,-137.043335,859.1905518,-3066.985596,-119.8956299,872.7266235,-3056.06543,-59.36474228,877.9335327,-3038.469727,-72.48490906,859.5701294,-3068.347412,-171.0426483,693.5963135,-2952.695068,-161.2130127,729.1308594,-2986.346436,-209.8053894,731.28125,-2997.9729,-219.4455261,695.6469116,-2964.438477
45,-187.8507385,846.1782837,-3092.847168,-195.548645,873.53479,-3081.67627,-137.0497742,859.1942749,-3067.008057,-119.8971405,872.7250366,-3056.05957,-59.36197662,877.9319458,-3038.463379,-72.48388672,859.5742798,-3068.358154,-171.0072174,693.5460205,-2952.728027,-161.1886902,729.092041,-2986.375,-209.7832489,731.2554932,-2997.978271,-219.4148865,695.6068115,-2964.429688
46,-187.8533173,846.1876831,-3092.856934,-195.5420685,873.5314331,-3081.668701,-137.0490417,859.1940308,-3067.001953,-119.8943329,872.725708,-3056.064941,-59.36310196,877.9280396,-3038.450439,-72.48432159,859.5758667,-3068.361572,-170.9893341,693.5404053,-2952.748291,-161.1743469,729.0893555,-2986.388916,-209.7680359,731.2595215,-2997.980957,-219.3995972,695.6099243,-2964.431641
47,-187.8521271,846.1829834,-3092.845459,-195.541626,873.5372925,-3081.685303,-137.0473633,859.1860962,-3066.977539,-119.8969116,872.7272949,-3056.06543,-59.36720276,877.9334717,-3038.459717,-72.48136902,859.5720215,-3068.349121,-170.9879608,693.5715332,-2952.752686,-161.1702118,729.1153564,-2986.381104,-209.766098,731.2809448,-2997.982666,-219.3971252,695.6373901,-2964.44458
48,-187.8495636,846.1867676,-3092.836426,-195.5403595,873.53479,-3081.668701,-137.0477295,859.1968384,-3067.005615,-119.8965759,872.723877,-3056.053955,-59.36442947,877.9390869,-3038.48291,-72.47854614,859.5728149,-3068.352539,-170.9977722,693.604126,-2952.742676,-161.1762085,729.1470337,-2986.372803,-209.7703705,731.3067627,-2997.97998,-219.4035645,695.6661987,-2964.439453
49,-187.8512421,846.1929321,-3092.848145,-195.5424347,873.5313721,-3081.655029,-137.0499268,859.1993408,-3067.010498,-119.8975601,872.7299194,-3056.076172,-59.36097717,877.9370117,-3038.476807,-72.48012543,859.578125,-3068.36499,-170.9987488,693.6185913,-2952.729004,-161.1750031,729.1612549,-2986.365723,-209.7663116,731.3279419,-2997.975098,-219.4055176,695.6887207,-2964.438477
50,-187.8527985,846.1950073,-3092.852295,-195.543869,873.5365601,-3081.670166,-137.0480042,859.2006836,-3067.008789,-119.8973618,872.7335205,-3056.072998,-59.36368179,877.9391479,-3038.466797,-72.48381805,859.5718384,-3068.344971,-170.9895935,693.6183472,-2952.743652,-161.1662903,729.1600952,-2986.366699,-209.7616272,731.3388062,-2997.968262,-219.4002075,695.6950684,-2964.439209
51,-187.8541718,846.1972656,-3092.849121,-195.5416565,873.5335693,-3081.64917,-137.0484009,859.2000122,-3067.004395,-119.8966599,872.7266235,-3056.052246,-59.35980606,877.9382935,-3038.46875,-72.48326111,859.5698853,-3068.34668,-170.9894562,693.6018066,-2952.750732,-161.1651001,729.1519775,-2986.382568,-209.7640839,731.3355713,-2997.946533,-219.3986511,695.6915283,-2964.435303
52,-187.854187,846.1958008,-3092.845459,-195.5472565,873.5460815,-3081.671387,-137.0510712,859.1993408,-3066.998779,-119.8970261,872.7299805,-3056.061523,-59.36074448,877.93573,-3038.457764,-72.48709106,859.5726929,-3068.351318,-171.0092926,693.583252,-2952.735596,-161.1803741,729.1339111,-2986.367188,-209.7753906,731.3309937,-2997.958252,-219.4177551,695.6842651,-2964.431396
53,-187.8518677,846.1940308,-3092.831787,-195.5413818,873.5428467,-3081.663818,-137.0508881,859.2050781,-3067.015381,-119.8974152,872.7336426,-3056.068115,-59.36251068,877.9385986,-3038.459473,-72.48465729,859.5723267,-3068.346191,-171.0410919,693.5651855,-2952.733887,-161.2040405,729.1193848,-2986.359863,-209.7944031,731.3209839,-2997.964844,-219.4495087,695.6691895,-2964.441162
54,-187.8535919,846.2015381,-3092.856445,-195.5433807,873.5410767,-3081.666504,-137.0546722,859.2046509,-3067.011719,-119.89888,872.7305298,-3056.064453,-59.36325073,877.9400024,-3038.468262,-72.48262024,859.5702515,-3068.348877,-171.0630493,693.5429688,-2952.769531,-161.2208252,729.1049194,-2986.391113,-209.812027,731.307312,-2997.959961,-219.4717865,695.6509399,-2964.456055
55,-187.8593597,846.2009888,-3092.861328,-195.5469055,873.5471191,-3081.687012,-137.0533142,859.1975708,-3066.997559,-119.8975296,872.7289429,-3056.05957,-59.3661499,877.9389038,-3038.469971,-72.48419952,859.5701294,-3068.352295,-171.0719604,693.5186157,-2952.810303,-161.22966,729.0852661,-2986.419434,-209.8230438,731.2985229,-2997.985107,-219.4798584,695.6316528,-2964.473877
56,-187.860611,846.2024536,-3092.855957,-195.5445862,873.5464478,-3081.679443,-137.0535431,859.2010498,-3067.021729,-119.8995667,872.7327881,-3056.073486,-59.36385346,877.9359741,-3038.464355,-72.4859314,859.574707,-3068.366699,-171.0706635,693.4833374,-2952.858887,-161.2338257,729.0633545,-2986.45752,-209.8251495,731.2810669,-2998.01416,-219.4808655,695.6067505,-2964.525146
57,-187.858429,846.2053833,-3092.862061,-195.5421143,873.5457764,-3081.679443,-137.0558167,859.199646,-3067.023926,-119.9011154,872.7249146,-3056.057861,-59.36439133,877.9332886,-3038.463135,-72.48399353,859.5720825,-3068.363281,-171.0645447,693.4300537,-2952.91626,-161.2288513,729.0287476,-2986.512939,-209.8249054,731.2539673,-2998.059082,-219.4761505,695.5646973,-2964.582764
58,-187.8562622,846.2035522,-3092.869873,-195.5426331,873.5426025,-3081.68335,-137.0563202,859.2014771,-3067.032715,-119.9012299,872.7251587,-3056.07666,-59.36483002,877.9321899,-3038.46875,-72.48497009,859.5678101,-3068.356201,-171.058609,693.3534546,-2952.983887,-161.2233887,728.9678955,-2986.551514,-209.82547,731.2089233,-2998.100098,-219.4723663,695.4990845,-2964.643311
59,-187.8596191,846.204834,-3092.875244,-195.5443573,873.5432129,-3081.688232,-137.0513,859.1948242,-3067.025391,-119.9002457,872.7224121,-3056.063232,-59.36870956,877.9334106,-3038.473145,-72.48680115,859.5678101,-3068.360596,-171.0548248,693.2544556,-2953.037598,-161.2226105,728.8864746,-2986.579102,-209.8256378,731.1394043,-2998.111572,-219.4688873,695.4117432,-2964.6875
60,-187.8591461,846.197876,-3092.866455,-195.5450592,873.5444946,-3081.696045,-137.0545502,859.2008057,-3067.037842,-119.901886,872.7250366,-3056.082031,-59.36709595,877.9366455,-3038.484863,-72.48471069,859.5617065,-3068.345947,-171.0546722,693.1449585,-2953.088867,-161.2244568,728.7976074,-2986.619873,-209.8252411,731.0593872,-2998.123779,-219.4701233,695.3198242,-2964.721924
61,-187.8596954,846.2036743,-3092.888916,-195.5450745,873.5449219,-3081.698242,-137.0581512,859.1977539,-3067.043945,-119.9015884,872.7245483,-3056.080322,-59.36582184,877.9343872,-3038.478516,-72.49013519,859.5679321,-3068.364746,-171.0580444,693.0356445,-2953.121826,-161.2286072,728.706604,-2986.654053,-209.8298798,730.9890747,-2998.136719,-219.4771576,695.2363281,-2964.751465
62,-187.8614502,846.2062988,-3092.890381,-195.5467682,873.5491943,-3081.717773,-137.0610504,859.1936035,-3067.039795,-119.906456,872.7241821,-3056.080566,-59.36789322,877.9362793,-3038.484619,-72.48948669,859.5640869,-3068.357422,-171.0745087,692.9576416,-2953.144531,-161.2422333,728.6381836,-2986.681641,-209.8448181,730.9346924,-2998.131104,-219.4933167,695.173645,-2964.757324
63,-187.8592987,846.203186,-3092.884277,-195.5457306,873.5471191,-3081.700928,-137.0584717,859.1904297,-3067.03418,-119.9041138,872.7249756,-3056.07959,-59.3658638,877.9347534,-3038.474365,-72.49079895,859.5651855,-3068.364014,-171.1074219,692.9210205,-2953.17334,-161.2664032,728.6029663,-2986.68457,-209.8703003,730.9040527,-2998.143066,-219.5245361,695.1381226,-2964.773438
64,-187.8644104,846.2072754,-3092.884521,-195.5457611,873.5456543,-3081.695801,-137.0617371,859.1906128,-3067.031738,-119.9038086,872.7271729,-3056.08667,-59.3644104,877.9366455,-3038.482422,-72.48978424,859.5714722,-3068.37915,-171.149765,692.9034424,-2953.178223,-161.3019104,728.586853,-2986.683105,-209.8978271,730.8878784,-2998.163818,-219.5623169,695.1196899,-2964.79834
65,-187.8634796,846.2034302,-3092.877441,-195.5467834,873.5499268,-3081.706055,-137.0614624,859.1876831,-3067.023193,-119.9060364,872.7282104,-3056.083984,-59.36685944,877.9375,-3038.484375,-72.4868927,859.5695801,-3068.369629,-171.1858215,692.8849487,-2953.195801,-161.3311462,728.5727539,-2986.705566,-209.9220276,730.8710938,-2998.178711,-219.5979614,695.1036377,-2964.825439
66,-187.8640289,846.2113037,-3092.905762,-195.5412903,873.5511475,-3081.703857,-137.0612946,859.1891479,-3067.030273,-119.9054337,872.7261353,-3056.077393,-59.36575317,877.9328613,-3038.475098,-72.4908371,859.5707397,-3068.374756,-171.1903381,692.8419189,-2953.245117,-161.3342285,728.5380249,-2986.73877,-209.9269409,730.8501587,-2998.203125,-219.6051941,695.071167,-2964.853027
67,-187.8666992,846.2147217,-3092.906738,-195.5431671,873.5499878,-3081.697998,-137.0638886,859.1936035,-3067.03833,-119.9039536,872.725769,-3056.078125,-59.36554337,877.9415283,-3038.49292,-72.49169922,859.5692749,-3068.366943,-171.1614532,692.7658691,-2953.305908,-161.3118286,728.4746094,-2986.773438,-209.9079742,730.8150635,-2998.227783,-219.5800629,695.017395,-2964.882813
68,-187.8584137,846.2102051,-3092.891602,-195.5386353,873.5453491,-3081.691895,-137.0590668,859.1928101,-3067.04248,-119.9037094,872.7211914,-3056.066406,-59.36570358,877.9425659,-3038.495361,-72.4920044,859.5690308,-3068.365234,-171.102829,692.6689453,-2953.366455,-161.2658691,728.3973999,-2986.834961,-209.8753662,730.7630005,-2998.243164,-219.5336456,694.9503174,-2964.940918
69,-187.8593597,846.2089844,-3092.887939,-195.5440826,873.5462646,-3081.694824,-137.0605164,859.1883545,-3067.039307,-119.9033813,872.7236938,-3056.078857,-59.3660965,877.9369507,-3038.480225,-72.49103546,859.569458,-3068.368408,-171.0212555,692.5582275,-2953.441162,-161.2024536,728.3081665,-2986.873535,-209.8243866,730.7062378,-2998.256104,-219.4595337,694.8682251,-2964.979004
70,-187.8637695,846.2192993,-3092.907471,-195.5477142,873.5563965,-3081.716064,-137.066391,859.1916504,-3067.051514,-119.9016647,872.7237549,-3056.085693,-59.36610794,877.9415894,-3038.492432,-72.48999786,859.5680542,-3068.369141,-170.9243011,692.4520264,-2953.532959,-161.1265259,728.2270508,-2986.926758,-209.7628937,730.65979,-2998.264648,-219.3701935,694.7885742,-2964.977539
71,-187.8574524,846.2092285,-3092.887207,-195.5424347,873.5523682,-3081.708984,-137.0623779,859.1938477,-3067.063477,-119.9001694,872.7249146,-3056.088867,-59.36656189,877.9359741,-3038.480957,-72.49021912,859.5657349,-3068.368896,-170.8233948,692.3615723,-2953.604248,-161.0537567,728.1647949,-2987.002197,-209.7016907,730.6263428,-2998.259277,-219.2863007,694.7282715,-2964.992432
72,-187.8634033,846.2119751,-3092.894531,-195.5454102,873.5531616,-3081.709473,-137.0625305,859.194397,-3067.061035,-119.9055481,872.7269287,-3056.093018,-59.36661148,877.937561,-3038.489502,-72.48869324,859.5671387,-3068.373047,-170.7347107,692.2932129,-2953.687256,-160.9895935,728.1148682,-2987.063477,-209.6520691,730.6005859,-2998.26709,-219.2103882,694.6842651,-2965.005859
73,-187.8656616,846.2182617,-3092.912109,-195.5427704,873.5505981,-3081.703125,-137.0619965,859.1952515,-3067.059082,-119.9013824,872.7276001,-3056.095947,-59.36528015,877.9415283,-3038.490967,-72.48957062,859.5717773,-3068.390625,-170.6407166,692.2197266,-2953.753906,-160.9248047,728.0598755,-2987.120361,-209.6041718,730.5731812,-2998.292725,-219.132782,694.6344604,-2965.017578
74,-187.8651276,846.2124634,-3092.893799,-195.5428619,873.5546265,-3081.715576,-137.0608826,859.1938477,-3067.052246,-119.9020157,872.7216797,-3056.07373,-59.36553192,877.9416504,-3038.498779,-72.48908997,859.569458,-3068.385254,-170.5343628,692.1130981,-2953.822266,-160.8547974,727.9752197,-2987.165283,-209.5452118,730.5147095,-2998.298096,-219.041153,694.5546265,-2965.031006
75,-187.8652954,846.2212524,-3092.925537,-195.5448761,873.5515747,-3081.703125,-137.0627747,859.187561,-3067.040771,-119.9043198,872.7224121,-3056.07959,-59.36653519,877.9386597,-3038.491211,-72.48912811,859.5661011,-3068.366943,-170.4227295,691.9645386,-2953.90625,-160.7776184,727.8557739,-2987.237793,-209.480835,730.4202881,-2998.265381,-218.9408722,694.4347534,-2965.009521
76,-187.8624878,846.2126465,-3092.903076,-195.5474396,873.5565186,-3081.721436,-137.0637817,859.18573,-3067.046387,-119.9040909,872.7211304,-3056.07373,-59.36514664,877.9436035,-3038.508545,-72.49235535,859.5653687,-3068.366211,-170.3069916,691.7958984,-2953.966553,-160.6990967,727.710144,-2987.299072,-209.4120636,730.3030396,-2998.205811,-218.838089,694.2955933,-2964.967285
77,-187.8603363,846.2128906,-3092.912598,-195.5474243,873.5488281,-3081.701416,-137.0659637,859.1878052,-3067.056396,-119.9011307,872.7169189,-3056.069824,-59.36842346,877.9413452,-3038.506104,-72.49182129,859.5668945,-3068.378662,-170.2046661,691.635498,-2953.989014,-160.6325836,727.571228,-2987.332031,-209.3574066,730.1821289,-2998.153809,-218.7494202,694.1583252,-2964.922852
78,-187.8639832,846.2108765,-3092.923584,-195.5482636,873.5504761,-3081.707275,-137.0662689,859.1852417,-3067.058838,-119.9015656,872.7155762,-3056.07251,-59.36585236,877.9359741,-3038.492432,-72.49190521,859.5690308,-3068.397705,-170.1236115,691.506958,-2954.042969,-160.5827026,727.4504395,-2987.344482,-209.3224335,730.0793457,-2998.12915,-218.6827545,694.0380859,-2964.921387
79,-187.8664093,846.2142334,-3092.93042,-195.5449371,873.5488892,-3081.710693,-137.0670319,859.184082,-3067.057861,-119.9025879,872.7167969,-3056.074707,-59.36541367,877.9327393,-3038.488037,-72.48947144,859.5666504,-3068.387451,-170.0571289,691.399231,-2954.075684,-160.5383759,727.3544922,-2987.380859,-209.2895508,729.9907227,-2998.114258,-218.6274719,693.9411621,-2964.942139
80,-187.8616486,846.2034302,-3092.911133,-195.5466766,873.5491333,-3081.722412,-137.0665131,859.1817627,-3067.056885,-119.9015121,872.7183838,-3056.083008,-59.36785889,877.9379883,-3038.507568,-72.48976135,859.5625,-3068.375244,-169.9882965,691.2973633,-2954.104492,-160.4955444,727.2659302,-2987.414551,-209.2532806,729.9068604,-2998.098389,-218.5672607,693.8464355,-2964.928711
81,-187.8619385,846.2016602,-3092.912598,-195.5444794,873.5494385,-3081.7146,-137.0670319,859.1755981,-3067.040527,-119.8996353,872.7130737,-3056.073975,-59.36563873,877.9290771,-3038.489014,-72.48723602,859.5566406,-3068.367432,-169.9161987,691.1911621,-2954.133301,-160.4508972,727.1674805,-2987.414063,-209.2167969,729.8236694,-2998.065186,-218.5040436,693.7526855,-2964.905273
82,-187.8610229,846.1956177,-3092.914551,-195.5469208,873.5458984,-3081.705566,-137.0639648,859.1744385,-3067.048096,-119.9022751,872.7076416,-3056.062256,-59.3657608,877.9243164,-3038.484131,-72.48554993,859.5609131,-3068.37915,-169.8582764,691.0866699,-2954.151855,-160.4108124,727.074585,-2987.434082,-209.1881104,729.7466431,-2998.04126,-218.4524384,693.6697998,-2964.883301
83,-187.8574982,846.1924438,-3092.919189,-195.5428009,873.5427246,-3081.703857,-137.064743,859.171875,-3067.047607,-119.8988953,872.7058716,-3056.058838,-59.36705017,877.9245605,-3038.479248,-72.48561859,859.5617676,-3068.38208,-169.8033295,691.0002441,-2954.180176,-160.3764343,726.9935303,-2987.46875,-209.1603088,729.6777344,-2998.023682,-218.4046021,693.5969849,-2964.861816
84,-187.8598328,846.1883545,-3092.907959,-195.5441895,873.5439453,-3081.705078,-137.0621948,859.1688232,-3067.040039,-119.8992844,872.7072754,-3056.069336,-59.36673355,877.9266357,-3038.49292,-72.48526764,859.5587158,-3068.377441,-169.7427979,690.930542,-2954.216064,-160.3382721,726.9277954,-2987.494141,-209.1311798,729.6260376,-2998.007568,-218.3523254,693.5352783,-2964.844482
85,-187.8565216,846.1901855,-3092.908691,-195.5463257,873.543335,-3081.700195,-137.0621643,859.1688843,-3067.047852,-119.8975143,872.7075806,-3056.061768,-59.36351776,877.925415,-3038.480469,-72.48576355,859.5561523,-3068.369141,-169.6900024,690.8770752,-2954.246094,-160.3059692,726.8789673,-2987.509277,-209.1096497,729.598938,-2998.00708,-218.3108521,693.496521,-2964.832031
86,-187.8582306,846.1948242,-3092.939941,-195.5444336,873.5444946,-3081.715088,-137.0628967,859.1682129,-3067.046387,-119.8988419,872.7067261,-3056.060303,-59.36170197,877.9216309,-3038.476563,-72.48801422,859.5540771,-3068.366699,-169.6599579,690.8529053,-2954.256836,-160.2870636,726.8568115,-2987.526123,-209.0931702,729.5836182,-2998.006836,-218.2863617,693.4794312,-2964.823242
87,-187.8572235,846.1859741,-3092.899414,-195.5432281,873.5490112,-3081.721436,-137.0641632,859.1697998,-3067.04834,-119.8979645,872.7041016,-3056.0625,-59.36363983,877.9161987,-3038.464355,-72.48840332,859.5560913,-3068.373047,-169.6502075,690.8493652,-2954.251221,-160.2780609,726.8548584,-2987.532715,-209.0830383,729.5725098,-2997.992432,-218.274231,693.4738159,-2964.830811
88,-187.8575592,846.1917725,-3092.920654,-195.5471344,873.5456543,-3081.711182,-137.0628967,859.1688232,-3067.048828,-119.8981323,872.7000732,-3056.052246,-59.36268234,877.9215088,-3038.486328,-72.48655701,859.5535889,-3068.374268,-169.6376801,690.8452148,-2954.243896,-160.2666016,726.8498535,-2987.537842,-209.0770416,729.5679932,-2997.986328,-218.262146,693.4699707,-2964.830811
89,-187.8561554,846.1830444,-3092.9021,-195.5420837,873.5448608,-3081.707031,-137.0616913,859.1674194,-3067.04541,-119.896698,872.7032471,-3056.062988,-59.36380005,877.9234619,-3038.490479,-72.48042297,859.5513306,-3068.369629,-169.614502,690.8380737,-2954.244629,-160.2523041,726.8411255,-2987.547607,-209.0640564,729.5643921,-2997.987061,-218.2466125,693.4686279,-2964.811279
90,-187.8559265,846.185791,-3092.920166,-195.539856,873.5336914,-3081.680176,-137.0662079,859.1687622,-3067.058594,-119.8988647,872.7039185,-3056.064941,-59.36433029,877.9195557,-3038.476318,-72.48143768,859.5473633,-3068.358887,-169.5837097,690.8258667,-2954.25293,-160.2294617,726.8270874,-2987.555664,-209.039978,729.5570068,-2997.987793,-218.2205658,693.4605713,-2964.797363
91,-187.8550262,846.1875,-3092.928223,-195.5422516,873.5354614,-3081.686523,-137.0631714,859.1641846,-3067.048096,-119.8983154,872.7024536,-3056.062988,-59.36498642,877.9170532,-3038.474854,-72.48365021,859.5488892,-3068.364258,-169.5411682,690.8049927,-2954.265137,-160.1974182,726.807312,-2987.578125,-209.0113678,729.5436401,-2997.979492,-218.1824036,693.4508667,-2964.804932
92,-187.8530579,846.1858521,-3092.927246,-195.5421906,873.5367432,-3081.693115,-137.061676,859.1624146,-3067.043457,-119.8969574,872.6990967,-3056.055176,-59.36240006,877.9212036,-3038.489746,-72.48413849,859.5541382,-3068.374756,-169.5096436,690.7918701,-2954.278564,-160.1677704,726.7984619,-2987.605957,-208.9920197,729.5435181,-2997.980225,-218.1483612,693.4483032,-2964.786865
93,-187.8525848,846.1828003,-3092.919678,-195.5394592,873.53479,-3081.684814,-137.0616302,859.1652832,-3067.052979,-119.8978424,872.7023315,-3056.065918,-59.36462021,877.9208984,-3038.491943,-72.48523712,859.552002,-3068.372559,-169.4920502,690.7969971,-2954.269775,-160.1557922,726.8018188,-2987.605469,-208.9823456,729.5546875,-2997.976318,-218.1325226,693.4553833,-2964.772461
94,-187.8530426,846.1891479,-3092.932373,-195.5439758,873.5354614,-3081.678223,-137.0628662,859.1625977,-3067.05542,-119.896965,872.7045288,-3056.076172,-59.36712265,877.916687,-3038.485352,-72.4855957,859.550415,-3068.373535,-169.4855194,690.8060913,-2954.261475,-160.1543274,726.8083496,-2987.59082,-208.9766083,729.5568848,-2997.96582,-218.1272125,693.4648438,-2964.770752
95,-187.8524323,846.184082,-3092.922852,-195.5435944,873.5357056,-3081.691406,-137.0639496,859.1652832,-3067.05835,-119.8974838,872.7003784,-3056.066162,-59.36638641,877.9150391,-3038.476807,-72.48579407,859.5494995,-3068.37207,-169.4723816,690.7982788,-2954.265869,-160.1409149,726.7991333,-2987.591309,-208.9658508,729.5505981,-2997.951416,-218.1191254,693.4633789,-2964.763672
96,-187.8519897,846.1833496,-3092.913086,-195.5450745,873.5377197,-3081.688232,-137.0647583,859.1575928,-3067.038086,-119.8972321,872.7006226,-3056.06543,-59.36710739,877.9141846,-3038.47876,-72.48274994,859.550293,-3068.380859,-169.444397,690.7731323,-2954.265869,-160.1133728,726.7709961,-2987.589844,-208.9427948,729.5396118,-2997.92749,-218.0957031,693.4492798,-2964.740967
97,-187.8550262,846.1875,-3092.936523,-195.5499573,873.541687,-3081.69873,-137.0667419,859.1584473,-3067.046143,-119.9001694,872.6975708,-3056.058105,-59.36609268,877.9121704,-3038.474121,-72.48612976,859.5509033,-3068.371338,-169.4083557,690.7479858,-2954.268066,-160.0826416,726.7450562,-2987.582275,-208.918045,729.5309448,-2997.921631,-218.0569153,693.432251,-2964.704346
98,-187.8448639,846.1799316,-3092.909912,-195.5468903,873.5377808,-3081.687256,-137.0664673,859.1598511,-3067.053223,-119.8978577,872.7047729,-3056.081543,-59.36447907,877.9179688,-3038.491455,-72.48540497,859.5479126,-3068.365234,-169.3775635,690.737915,-2954.258057,-160.059433,726.7371216,-2987.593018,-208.8966827,729.5256958,-2997.920654,-218.0301666,693.4255371,-2964.686523
99,-187.8500366,846.1802979,-3092.920654,-195.5461121,873.5411377,-3081.695068,-137.0661316,859.1585693,-3067.053955,-119.9011917,872.6954956,-3056.061279,-59.36554718,877.9181519,-3038.493164,-72.48384094,859.5492554,-3068.378174,-169.373764,690.755249,-2954.253418,-160.0545959,726.7468872,-2987.577148,-208.8904114,729.5302124,-2997.90625,-218.0309143,693.4401245,-2964.693848
100,-187.8457642,846.1702271,-3092.897461,-195.5475311,873.5332642,-3081.671631,-137.0662689,859.1533203,-3067.041992,-119.901825,872.6923218,-3056.057373,-59.3663826,877.9151001,-3038.489258,-72.48835754,859.5509644,-3068.383057,-169.4035034,690.7894897,-2954.249268,-160.0721741,726.7732544,-2987.559326,-208.9006958,729.546936,-2997.903076,-218.0539856,693.4671021,-2964.708984
101,-187.8441162,846.171875,-3092.91748,-195.5459595,873.5397339,-3081.696777,-137.0609436,859.1513062,-3067.045654,-119.8998489,872.6942139,-3056.05957,-59.36499786,877.9129639,-3038.489502,-72.48751068,859.5457764,-3068.372314,-169.442688,690.8154907,-2954.229248,-160.0974884,726.7998047,-2987.568359,-208.9206085,729.569519,-2997.938232,-218.0885315,693.4905396,-2964.717041
102,-187.8460388,846.1725464,-3092.932617,-195.5473938,873.5339966,-3081.690918,-137.0618286,859.1546021,-3067.054688,-119.8997345,872.6924438,-3056.060059,-59.36680985,877.9089355,-3038.48291,-72.48641968,859.5426636,-3068.376221,-169.481308,690.8237305,-2954.231201,-160.1210022,726.8054199,-2987.577393,-208.9440002,729.5834351,-2997.97168,-218.1217957,693.5050049,-2964.733887
103,-187.8451996,846.168396,-3092.931152,-195.5456085,873.5292969,-3081.693604,-137.0600128,859.1529541,-3067.053223,-119.8974762,872.6921387,-3056.068115,-59.36828613,877.9012451,-3038.464844,-72.48448181,859.543396,-3068.382568,-169.5137482,690.8119507,-2954.250244,-160.1398621,726.7921143,-2987.596436,-208.9598084,729.5769653,-2997.975098,-218.1509094,693.5040283,-2964.760254
104,-187.8468933,846.1721191,-3092.952148,-195.5454407,873.5275269,-3081.687256,-137.0604706,859.1526489,-3067.058838,-119.8989029,872.6939087,-3056.072021,-59.36867142,877.9094849,-3038.490234,-72.48545075,859.545166,-3068.38916,-169.5340271,690.7922974,-2954.273193,-160.1543732,726.7747192,-2987.603516,-208.9679108,729.5720825,-2997.991211,-218.1698608,693.4969482,-2964.774902
105,-187.8415375,846.159668,-3092.918457,-195.5464172,873.5287476,-3081.693604,-137.0596771,859.1455688,-3067.041504,-119.8977509,872.6886597,-3056.063965,-59.36651993,877.9083862,-3038.498535,-72.48609924,859.5443726,-3068.387207,-169.548996,690.7888184,-2954.298584,-160.1604919,726.7712402,-2987.623291,-208.9770813,729.5874634,-2998.012207,-218.1843719,693.5072021,-2964.790527
106,-187.8431702,846.1685181,-3092.95752,-195.5455627,873.5319824,-3081.705811,-137.0603638,859.1424561,-3067.033691,-119.898735,872.6896973,-3056.065186,-59.36532593,877.9057617,-3038.490479,-72.48376465,859.5411377,-3068.376953,-169.5533752,690.8092651,-2954.30957,-160.1599426,726.789917,-2987.636963,-208.9811401,729.6124268,-2998.025391,-218.1912384,693.532959,-2964.811279
107,-187.8400421,846.1571045,-3092.934082,-195.5453796,873.5224609,-3081.667725,-137.0605011,859.1495361,-3067.046631,-119.9001465,872.6916504,-3056.068359,-59.36466599,877.9017334,-3038.474121,-72.48401642,859.5400391,-3068.372803,-169.5503387,690.8400269,-2954.297607,-160.1549835,726.8180542,-2987.619141,-208.9735718,729.630188,-2998.01416,-218.1870728,693.5575562,-2964.81958
108,-187.8382263,846.1462402,-3092.902588,-195.5430298,873.5221558,-3081.6875,-137.0599365,859.1500854,-3067.054932,-119.8979111,872.6882324,-3056.058838,-59.36574554,877.901062,-3038.483154,-72.48501587,859.5424194,-3068.380615,-169.5370636,690.8688965,-2954.295654,-160.1418915,726.8428345,-2987.614014,-208.9612427,729.6425781,-2998.009277,-218.1728516,693.5732422,-2964.822998
109,-187.8397522,846.1563721,-3092.922852,-195.54953,873.5262451,-3081.693604,-137.058197,859.1514893,-3067.068604,-119.8973084,872.6921387,-3056.072998,-59.3663559,877.9012451,-3038.485107,-72.48344421,859.5419922,-3068.37793,-169.5067444,690.8792114,-2954.287598,-160.1175537,726.8540649,-2987.613525,-208.9375305,729.6504517,-2998.010254,-218.1427765,693.5784912,-2964.810791
110,-187.8375397,846.149353,-3092.924805,-195.5471954,873.5274048,-3081.699219,-137.0568695,859.1452026,-3067.057861,-119.8988953,872.6914673,-3056.07251,-59.36370087,877.8988037,-3038.472656,-72.48173523,859.5366211,-3068.364746,-169.4578552,690.8825684,-2954.291748,-160.0807343,726.855957,-2987.607666,-208.9020691,729.6517944,-2997.997314,-218.0978546,693.5777588,-2964.783447
111,-187.8366394,846.1512451,-3092.927002,-195.5448303,873.5231934,-3081.693848,-137.0546417,859.1433105,-3067.040771,-119.8981705,872.6896973,-3056.072021,-59.36617661,877.8986816,-3038.476074,-72.48461914,859.5394897,-3068.374023,-169.4060059,690.8911133,-2954.293213,-160.0409851,726.8696899,-2987.610107,-208.8652039,729.6611328,-2997.983398,-218.0485077,693.5895386,-2964.77124
112,-187.8376617,846.1473999,-3092.935547,-195.5483093,873.5189209,-3081.682617,-137.0576782,859.1445923,-3067.049316,-119.8999252,872.689209,-3056.075684,-59.36593247,877.9006958,-3038.481201,-72.48584747,859.5393066,-3068.377197,-169.3769379,690.9261475,-2954.27832,-160.0192108,726.9041138,-2987.612793,-208.8452759,729.6890869,-2997.960449,-218.0194855,693.6213989,-2964.755371
113,-187.8331909,846.1517334,-3092.942383,-195.5493469,873.519165,-3081.69043,-137.0559235,859.1430054,-3067.052246,-119.8979263,872.6871948,-3056.075439,-59.36518478,877.8999634,-3038.484375,-72.48014832,859.5396118,-3068.375977,-169.3698883,690.9960938,-2954.257568,-160.0166473,726.9647827,-2987.590576,-208.8412933,729.7393799,-2997.94873,-218.0145416,693.6793213,-2964.740479
114,-187.8348694,846.1437378,-3092.924561,-195.544754,873.5166016,-3081.686279,-137.0563812,859.1505127,-3067.061523,-119.8972092,872.6896362,-3056.077393,-59.36903381,877.9011841,-3038.487061,-72.48236847,859.5413208,-3068.376465,-169.3739929,691.0883179,-2954.235596,-160.0133362,727.0422363,-2987.571533,-208.8343811,729.7963257,-2997.945313,-218.0131378,693.7510986,-2964.722168
115,-187.8333588,846.1473389,-3092.923828,-195.545639,873.5194702,-3081.688721,-137.053894,859.1490479,-3067.052002,-119.8986816,872.6923218,-3056.082031,-59.36668778,877.9016724,-3038.490723,-72.48550415,859.5466309,-3068.391357,-169.3605042,691.1617432,-2954.207764,-159.997879,727.1063843,-2987.553223,-208.8186035,729.8466187,-2997.958008,-217.9966431,693.8085327,-2964.704834
116,-187.8302307,846.1415405,-3092.911377,-195.5443573,873.5205078,-3081.698242,-137.0537109,859.1434937,-3067.052002,-119.8991699,872.6897583,-3056.073975,-59.36432266,877.9030762,-3038.499512,-72.48194122,859.5509033,-3068.407227,-169.3227386,691.1867065,-2954.195801,-159.9649658,727.1278076,-2987.55127,-208.787323,729.8634033,-2997.972412,-217.9592133,693.8276367,-2964.701904
117,-187.828537,846.137207,-3092.917725,-195.5479584,873.5187378,-3081.704346,-137.0555725,859.1467285,-3067.059814,-119.896225,872.6930542,-3056.087402,-59.36540222,877.9019165,-3038.49585,-72.48110962,859.5467529,-3068.391602,-169.2693329,691.1516113,-2954.233154,-159.9199066,727.0971069,-2987.580811,-208.743103,729.829834,-2997.973145,-217.9055786,693.7905273,-2964.715576
118,-187.8252411,846.1395264,-3092.939453,-195.5470734,873.5177612,-3081.695557,-137.0521545,859.1461792,-3067.069824,-119.8973084,872.6934204,-3056.091553,-59.36473846,877.9030762,-3038.49707,-72.4806366,859.5449829,-3068.381104,-169.1908569,691.0537109,-2954.275146,-159.8677063,727.0184937,-2987.61499,-208.6962128,729.7589722,-2997.957031,-217.8375092,693.7026978,-2964.733154
119,-187.8260498,846.1286011,-3092.925537,-195.5450439,873.513855,-3081.695801,-137.0520935,859.1395264,-3067.053223,-119.8964996,872.6903687,-3056.079834,-59.36615753,877.9051514,-3038.498779,-72.48146057,859.5490112,-3068.396729,-169.1121521,690.9400635,-2954.32251,-159.8085327,726.9238281,-2987.663574,-208.6496735,729.6792603,-2997.955078,-217.768692,693.6043091,-2964.75293
120,-187.8193665,846.1224976,-3092.927002,-195.542984,873.5126343,-3081.693115,-137.0508881,859.1450195,-3067.078613,-119.8950272,872.6871948,-3056.078369,-59.36403275,877.9055786,-3038.501709,-72.4825058,859.5479126,-3068.396973,-169.0493927,690.8571167,-2954.344971,-159.7619476,726.8547363,-2987.696289,-208.6094055,729.6189575,-2997.972168,-217.7070923,693.5306396,-2964.764404
121,-187.8199615,846.1183472,-3092.932373,-195.5441589,873.5079346,-3081.688477,-137.0486298,859.1437988,-3067.077393,-119.8952484,872.6879883,-3056.084229,-59.3624115,877.9024048,-3038.495361,-72.48135376,859.546936,-3068.397461,-169.0031433,690.8311157,-2954.363281,-159.7314453,726.8330078,-2987.703125,-208.5789795,729.5899048,-2997.961914,-217.6660004,693.4968872,-2964.759033
122,-187.8169098,846.1204224,-3092.933594,-195.546051,873.5072021,-3081.688965,-137.0534668,859.1439209,-3067.090576,-119.8950272,872.6919556,-3056.093018,-59.36562347,877.902771,-3038.507813,-72.47946167,859.5512695,-3068.4104,-168.9825439,690.8612061,-2954.368896,-159.7130585,726.8612671,-2987.698975,-208.5615997,729.6080933,-2997.962891,-217.644928,693.5135498,-2964.748779
123,-187.8178253,846.1152954,-3092.934326,-195.5436096,873.5018921,-3081.688721,-137.0480042,859.142395,-3067.073975,-119.8947678,872.6942749,-3056.104248,-59.3627739,877.8996582,-3038.49707,-72.47572327,859.5474243,-3068.399658,-168.9834137,690.9302979,-2954.351318,-159.7104797,726.9284668,-2987.69043,-208.5579834,729.6654663,-2997.98584,-217.6437683,693.5732422,-2964.759033
124,-187.8202057,846.1156006,-3092.939209,-195.5442963,873.5095215,-3081.706299,-137.0471191,859.1417847,-3067.066895,-119.8957367,872.6912231,-3056.096924,-59.36449051,877.9046021,-3038.501953,-72.47479248,859.548584,-3068.398926,-169.0069275,691.0229492,-2954.356201,-159.7254639,727.0106201,-2987.661865,-208.5660706,729.7345581,-2998.000244,-217.6613007,693.6516724,-2964.791992
125,-187.8194427,846.1144409,-3092.936523,-195.5448914,873.5018921,-3081.692627,-137.045105,859.1449585,-3067.073242,-119.8954849,872.6928101,-3056.095947,-59.36526489,877.9059448,-3038.512695,-72.47681427,859.5499268,-3068.401123,-169.0393829,691.1143799,-2954.34082,-159.7454224,727.0926514,-2987.652344,-208.5811768,729.8035889,-2998.003174,-217.6885223,693.7294312,-2964.807617
126,-187.8222961,846.117981,-3092.936523,-195.5482178,873.505188,-3081.696533,-137.045166,859.1414795,-3067.064697,-119.8954697,872.6924438,-3056.092285,-59.3658905,877.9023438,-3038.503662,-72.47575378,859.5515747,-3068.404785,-169.0633698,691.1912231,-2954.319092,-159.763092,727.166687,-2987.665527,-208.5969086,729.868103,-2998.008301,-217.7124176,693.8009033,-2964.789551
127,-187.8184509,846.1107178,-3092.930176,-195.5487518,873.5004272,-3081.693115,-137.0457764,859.1442871,-3067.070313,-119.8954239,872.6901245,-3056.085449,-59.36601257,877.9042969,-3038.509766,-72.47847748,859.5531006,-3068.407471,-169.0819092,691.2496948,-2954.31543,-159.7776489,727.2248535,-2987.665039,-208.6083832,729.9258423,-2998.023682,-217.7310944,693.8635254,-2964.796143
128,-187.8186951,846.1143799,-3092.941895,-195.5445862,873.4978638,-3081.686523,-137.0456238,859.1442871,-3067.066406,-119.8925934,872.6893921,-3056.087158,-59.36245728,877.90271,-3038.510742,-72.47941589,859.5517578,-3068.402832,-169.0878143,691.2896729,-2954.331787,-159.7770844,727.2677612,-2987.670654,-208.6063385,729.9793701,-2998.054199,-217.7358246,693.9124756,-2964.817871
129,-187.8195496,846.109375,-3092.931396,-195.5457764,873.4927368,-3081.668457,-137.0444946,859.1447144,-3067.070068,-119.8957672,872.6877441,-3056.085693,-59.36384201,877.8982544,-3038.486816,-72.47674561,859.5513916,-3068.402588,-169.0740356,691.3188477,-2954.369141,-159.7628326,727.3015137,-2987.689453,-208.5946503,730.0227661,-2998.063721,-217.7219086,693.9483643,-2964.840576
130,-187.8184204,846.1106567,-3092.939941,-195.5481415,873.4954834,-3081.686035,-137.0430908,859.1429443,-3067.067139,-119.8956528,872.6893311,-3056.094971,-59.36263657,877.9035645,-3038.51416,-72.47793579,859.5561523,-3068.41333,-169.0508118,691.3383179,-2954.395996,-159.7453156,727.3265991,-2987.694336,-208.5805206,730.0600586,-2998.071777,-217.7010345,693.9721069,-2964.852295
131,-187.815094,846.1031494,-3092.928711,-195.5473785,873.4986572,-3081.707764,-137.0418091,859.1437988,-3067.06958,-119.8921356,872.6922607,-3056.102539,-59.36027145,877.9031982,-3038.516846,-72.47525024,859.5557251,-3068.412598,-169.0230103,691.345459,-2954.414551,-159.7242279,727.3486328,-2987.724609,-208.5607605,730.0874023,-2998.08252,-217.675766,693.9882813,-2964.85376
132,-187.8148956,846.1015015,-3092.935791,-195.5493469,873.5014648,-3081.7146,-137.0386353,859.1489258,-3067.083984,-119.8915024,872.6843262,-3056.083984,-59.36246872,877.9022827,-3038.511475,-72.4757843,859.5548706,-3068.405273,-168.997757,691.350708,-2954.433838,-159.7007446,727.3594971,-2987.745605,-208.5363159,730.0983276,-2998.085693,-217.6474457,693.9992676,-2964.868408
133,-187.8144531,846.0988159,-3092.935059,-195.5462036,873.4875488,-3081.680908,-137.0351868,859.1398315,-3067.059082,-119.8936844,872.6884766,-3056.088623,-59.36223602,877.8986206,-3038.506104,-72.47544861,859.5558472,-3068.405762,-168.9616394,691.3374023,-2954.440186,-159.6735077,727.3483276,-2987.746094,-208.5077057,730.0914307,-2998.085938,-217.6165466,693.9905396,-2964.877686
134,-187.8066864,846.0891724,-3092.913818,-195.5455627,873.484436,-3081.676758,-137.036026,859.142395,-3067.073242,-119.892067,872.6882935,-3056.08252,-59.36289597,877.8956909,-3038.492432,-72.47336578,859.5608521,-3068.415039,-168.9158173,691.2962036,-2954.453369,-159.6350555,727.3135986,-2987.749756,-208.4725037,730.0615234,-2998.061768,-217.5792694,693.9570313,-2964.87915
135,-187.8076477,846.0853882,-3092.927734,-195.5472107,873.4865112,-3081.694336,-137.0341187,859.1411743,-3067.06665,-119.8920593,872.6914063,-3056.094238,-59.36201477,877.8991699,-3038.493652,-72.47077942,859.5596924,-3068.408447,-168.8541565,691.236084,-2954.479004,-159.5828094,727.2618408,-2987.770752,-208.4255829,730.0189819,-2998.040527,-217.5218811,693.9099731,-2964.871582
136,-187.8003845,846.079834,-3092.918701,-195.5454407,873.484375,-3081.678955,-137.0358734,859.1453857,-3067.082764,-119.8899384,872.6867676,-3056.084961,-59.36266327,877.9000244,-3038.503662,-72.47101593,859.557312,-3068.404053,-168.7751465,691.1750488,-2954.513428,-159.5217133,727.2079468,-2987.77417,-208.3703461,729.9785156,-2998.03833,-217.44841,693.8568115,-2964.866211
137,-187.797226,846.0744019,-3092.913818,-195.5447388,873.4874878,-3081.69165,-137.032486,859.1422119,-3067.065918,-119.8916397,872.6863403,-3056.080811,-59.3609848,877.9009399,-3038.506104,-72.47514343,859.5576172,-3068.401855,-168.7052612,691.1463623,-2954.537598,-159.4678192,727.1846313,-2987.778076,-208.3203278,729.9505005,-2998.026367,-217.3811035,693.8198853,-2964.853027
138,-187.7988739,846.0748291,-3092.928223,-195.54216,873.4784546,-3081.672363,-137.0276337,859.1397705,-3067.067383,-119.8918381,872.6864624,-3056.076904,-59.36076355,877.8985596,-3038.500732,-72.4737854,859.5604858,-3068.41333,-168.6533813,691.1659546,-2954.536133,-159.4337006,727.2052612,-2987.797119,-208.2891846,729.9523926,-2998.01709,-217.3329468,693.8210449,-2964.844238
139,-187.7998657,846.0756226,-3092.933105,-195.5427704,873.4804077,-3081.67627,-137.0281677,859.1383057,-3067.063965,-119.8863602,872.6875,-3056.084961,-59.36062622,877.8966064,-3038.487305,-72.4728241,859.5631714,-3068.421387,-168.629837,691.2190552,-2954.496582,-159.4196167,727.2588501,-2987.785645,-208.2763824,729.9805908,-2998.028809,-217.3118286,693.8503418,-2964.841553
140,-187.796814,846.0787354,-3092.934326,-195.5437775,873.4824219,-3081.700684,-137.0250397,859.1356201,-3067.041992,-119.8864212,872.6908569,-3056.094971,-59.3590889,877.8981934,-3038.490723,-72.46924591,859.5651245,-3068.421631,-168.6257782,691.2794189,-2954.467773,-159.4138641,727.3174438,-2987.765137,-208.2677612,730.0054321,-2998.032715,-217.3009491,693.8812866,-2964.844971
141,-187.7937469,846.0701904,-3092.911377,-195.545578,873.4776001,-3081.682861,-137.0232391,859.1411743,-3067.061768,-119.8873215,872.6901245,-3056.0979,-59.35747528,877.8985596,-3038.496826,-72.46747589,859.5643311,-3068.414795,-168.6092987,691.3138428,-2954.464844,-159.4037781,727.3496704,-2987.74707,-208.2532654,730.0151978,-2998.038086,-217.2776642,693.8895264,-2964.854248
142,-187.7960052,846.0690308,-3092.932861,-195.543457,873.4779053,-3081.682617,-137.0237579,859.1384277,-3067.049561,-119.8839722,872.6868896,-3056.082764,-59.35583115,877.8920288,-3038.477539,-72.46821594,859.5665283,-3068.416504,-168.5785522,691.3146362,-2954.465088,-159.3866882,727.355896,-2987.744629,-208.2358704,730.0108032,-2998.033447,-217.2484436,693.8774414,-2964.85791
143,-187.7923737,846.0601196,-3092.926758,-195.5391998,873.4671021,-3081.653076,-137.0226135,859.1414795,-3067.060547,-119.8837509,872.6848755,-3056.074219,-59.35543823,877.8967896,-3038.486328,-72.4683609,859.564209,-3068.413086,-168.548996,691.3079224,-2954.483154,-159.3626862,727.3485107,-2987.750488,-208.2148438,729.9978638,-2998.037354,-217.222168,693.8632202,-2964.864502
144,-187.7892761,846.0521851,-3092.915527,-195.5436096,873.47052,-3081.675293,-137.0214691,859.1405029,-3067.063965,-119.8842239,872.6893311,-3056.089111,-59.35602188,877.8979492,-3038.486572,-72.46447754,859.5578613,-3068.39624,-168.525116,691.2896729,-2954.471191,-159.3397064,727.3300171,-2987.746094,-208.1912079,729.9734497,-2998.053955,-217.199173,693.8394775,-2964.87207
145,-187.7877502,846.0529175,-3092.913086,-195.5391693,873.4718628,-3081.680664,-137.0168762,859.1396484,-3067.05127,-119.8814316,872.687561,-3056.076416,-59.35691834,877.8961792,-3038.479492,-72.46170044,859.56427,-3068.405029,-168.506012,691.2506714,-2954.464355,-159.3238678,727.2983398,-2987.750244,-208.1717072,729.9370728,-2998.053711,-217.1785278,693.7989502,-2964.870605
146,-187.7833557,846.0428467,-3092.9021,-195.5385742,873.4705811,-3081.678955,-137.0158844,859.1386719,-3067.058105,-119.8806076,872.6864624,-3056.073242,-59.35215378,877.8972778,-3038.482666,-72.46153259,859.5670166,-3068.412842,-168.4913635,691.2119751,-2954.482178,-159.3075562,727.2645874,-2987.763916,-208.1591949,729.9038086,-2998.045898,-217.1603394,693.7625122,-2964.870361
147,-187.7816467,846.0409546,-3092.916016,-195.5368652,873.4609375,-3081.650635,-137.0124969,859.140686,-3067.059814,-119.8790894,872.6919556,-3056.083984,-59.35238266,877.9003296,-3038.481689,-72.46144867,859.5685425,-3068.408447,-168.4838715,691.197937,-2954.47998,-159.3033447,727.2494507,-2987.746094,-208.1516571,729.8899536,-2998.042725,-217.1539612,693.7470703,-2964.87793
148,-187.7771759,846.0388184,-3092.901367,-195.5411987,873.4681396,-3081.678467,-137.0123596,859.1434326,-3067.061523,-119.8792114,872.697998,-3056.098389,-59.35427475,877.9013672,-3038.490723,-72.46166229,859.5718994,-3068.417236,-168.4867401,691.2134399,-2954.476563,-159.312439,727.2630615,-2987.731934,-208.1562805,729.8867798,-2998.039795,-217.1568604,693.7422485,-2964.872559
149,-187.7756958,846.0350952,-3092.903076,-195.5403137,873.4643555,-3081.662598,-137.0123444,859.1474609,-3067.065674,-119.8799133,872.6998291,-3056.094971,-59.35330582,877.8997803,-3038.488281,-72.45962524,859.5717163,-3068.408936,-168.4982147,691.2316895,-2954.447266,-159.3184052,727.2797241,-2987.719727,-208.1634521,729.8869629,-2998.040771,-217.1643829,693.7444458,-2964.854004
150,-187.7720947,846.0338745,-3092.918213,-195.5371857,873.458252,-3081.656738,-137.0085602,859.1467285,-3067.063965,-119.8784027,872.6986694,-3056.088867,-59.34839249,877.8996582,-3038.483643,-72.4592514,859.5723267,-3068.407715,-168.5011902,691.2368774,-2954.404785,-159.3117218,727.2752075,-2987.677002,-208.1554565,729.8803711,-2998.021973,-217.1650696,693.7470703,-2964.845459
151,-187.7692566,846.0238037,-3092.893799,-195.5367432,873.4594727,-3081.658936,-137.0111084,859.1453247,-3067.064453,-119.877037,872.6968384,-3056.089844,-59.34949112,877.8991089,-3038.480957,-72.45679474,859.572937,-3068.411621,-168.486969,691.2310791,-2954.386719,-159.2915344,727.267395,-2987.654541,-208.1317596,729.8677979,-2998.000732,-217.1461792,693.7374268,-2964.851563
152,-187.7622833,846.0283203,-3092.914063,-195.5376587,873.4594116,-3081.668457,-137.0035706,859.1443481,-3067.056152,-119.8713837,872.6970215,-3056.083984,-59.34980393,877.902771,-3038.484619,-72.45572662,859.5768433,-3068.414795,-168.460907,691.2225342,-2954.384033,-159.2655792,727.2639771,-2987.658691,-208.1062012,729.8608398,-2997.997559,-217.1194305,693.7248535,-2964.844482
153,-187.7602692,846.0200195,-3092.909424,-195.5362244,873.4596558,-3081.663818,-137.0017853,859.1437378,-3067.049805,-119.8745117,872.6975098,-3056.080566,-59.34634781,877.8974609,-3038.4729,-72.45108032,859.5768433,-3068.408936,-168.435379,691.2120361,-2954.40332,-159.239151,727.2532959,-2987.668457,-208.0861816,729.8546753,-2998.013672,-217.0944672,693.7174072,-2964.844238
154,-187.7589569,846.0136719,-3092.883545,-195.5371246,873.4579468,-3081.663818,-137.0019226,859.1414795,-3067.039795,-119.8746033,872.6970825,-3056.083252,-59.3488121,877.9016113,-3038.480957,-72.45362091,859.5784302,-3068.407959,-168.4137115,691.1990356,-2954.43335,-159.2238617,727.24646,-2987.697754,-208.071167,729.8463745,-2998.030762,-217.0749512,693.7080078,-2964.881104
155,-187.7563477,846.0125122,-3092.910156,-195.5332489,873.4547119,-3081.664063,-137.002594,859.1473999,-3067.06543,-119.8725052,872.6987915,-3056.088623,-59.34819031,877.9050903,-3038.48999,-72.45706177,859.5806274,-3068.421631,-168.3950806,691.1829834,-2954.464844,-159.2105255,727.2416382,-2987.719238,-208.0595703,729.8500977,-2998.054199,-217.0577545,693.6998901,-2964.912598
156,-187.7557373,846.0195923,-3092.920166,-195.5349731,873.4572144,-3081.675049,-137.0016632,859.1442871,-3067.049316,-119.8727798,872.701416,-3056.092529,-59.34468079,877.9075317,-3038.498535,-72.45061493,859.5766602,-3068.413818,-168.3719177,691.1725464,-2954.501709,-159.1943207,727.2379761,-2987.743164,-208.0462799,729.8601685,-2998.059082,-217.0372009,693.7007446,-2964.909912
157,-187.7549896,846.0147095,-3092.900146,-195.5357666,873.4516602,-3081.662109,-137.0008392,859.1467285,-3067.054199,-119.8737335,872.7028809,-3056.102295,-59.34381104,877.9031982,-3038.477051,-72.45298004,859.5730591,-3068.395996,-168.3509674,691.1812134,-2954.517578,-159.179657,727.2518921,-2987.760498,-208.0341492,729.8789063,-2998.045166,-217.0218811,693.7214966,-2964.918945
158,-187.7554932,846.0108643,-3092.901855,-195.5326996,873.4481812,-3081.652832,-136.996582,859.1444702,-3067.044434,-119.8748169,872.7009277,-3056.091309,-59.34361267,877.9020996,-3038.479248,-72.45225525,859.5765381,-3068.404297,-168.3348846,691.213501,-2954.505859,-159.168045,727.2855835,-2987.756348,-208.0233765,729.916687,-2998.039063,-217.0073547,693.7570801,-2964.905762
159,-187.7591705,846.0136108,-3092.891602,-195.5388794,873.4536743,-3081.662842,-136.9998169,859.1481323,-3067.043213,-119.8761444,872.7053223,-3056.091553,-59.34652329,877.9035034,-3038.474365,-72.45227814,859.5755615,-3068.389648,-168.3265686,691.2666016,-2954.498047,-159.1603851,727.336792,-2987.746094,-208.0162048,729.9663086,-2998.037109,-216.9952698,693.8047485,-2964.881592
160,-187.7571716,846.015564,-3092.890869,-195.5418243,873.4602661,-3081.659668,-137.0039063,859.1547852,-3067.047607,-119.8772049,872.7035522,-3056.080078,-59.34665299,877.9024658,-3038.469238,-72.45385742,859.5776367,-3068.392334,-168.3207703,691.3143311,-2954.476563,-159.1607513,727.383667,-2987.733643,-208.0155945,730.005127,-2998.027588,-216.9898987,693.84552,-2964.85791
161,-187.761795,846.0149536,-3092.885986,-195.5388184,873.4612427,-3081.663818,-137.0029297,859.1564331,-3067.054443,-119.875946,872.7039185,-3056.080322,-59.34632492,877.9044189,-3038.469482,-72.45333099,859.5836792,-3068.40918,-168.3156128,691.3305054,-2954.45166,-159.1582489,727.3973999,-2987.718994,-208.0137329,730.0157471,-2997.998535,-216.9848175,693.8544312,-2964.835938
162,-187.7636719,846.0167236,-3092.883545,-195.542511,873.4595337,-3081.643799,-137.0024719,859.1574097,-3067.043213,-119.8781433,872.7099609,-3056.084961,-59.34822846,877.9102173,-3038.478027,-72.45422363,859.585144,-3068.4021,-168.3060913,691.3060303,-2954.452637,-159.1505127,727.3803711,-2987.716064,-208.0048981,730.0013428,-2997.987549,-216.9757538,693.8361816,-2964.837646
163,-187.7604675,846.0177002,-3092.878418,-195.5440063,873.4608154,-3081.646973,-137.0013275,859.1500854,-3067.026123,-119.8781281,872.7102051,-3056.081299,-59.34801102,877.9125977,-3038.478027,-72.45441437,859.5825806,-3068.38501,-168.2800293,691.2502441,-2954.476318,-159.1289215,727.3361206,-2987.716064,-207.9866486,729.96521,-2997.979004,-216.9528046,693.7891235,-2964.843262
164,-187.7581482,846.0114136,-3092.874268,-195.5439606,873.4649658,-3081.660645,-137.0062714,859.1534424,-3067.029541,-119.8786392,872.7086182,-3056.079834,-59.34754562,877.9127808,-3038.471191,-72.45703125,859.5825195,-3068.388184,-168.2372589,691.1841431,-2954.518799,-159.097168,727.2840576,-2987.734131,-207.9600067,729.9200439,-2997.971436,-216.9148407,693.7282104,-2964.867676
165,-187.7585907,846.0135498,-3092.887695,-195.5420074,873.460022,-3081.652832,-137.004303,859.1536865,-3067.035156,-119.879509,872.7095337,-3056.087646,-59.34576035,877.9127808,-3038.467773,-72.45684815,859.5809326,-3068.385742,-168.1880798,691.1268921,-2954.575928,-159.062912,727.2474365,-2987.78125,-207.9300385,729.8847046,-2997.988525,-216.8682861,693.6727295,-2964.892578
166,-187.7581177,846.0181885,-3092.886475,-195.5382233,873.4605713,-3081.647949,-137.0058289,859.1592407,-3067.050781,-119.8771667,872.7095337,-3056.090088,-59.34739304,877.9139404,-3038.475342,-72.45345306,859.5819092,-3068.383545,-168.1392822,691.1022949,-2954.614502,-159.027359,727.2371826,-2987.819092,-207.9020691,729.8729858,-2998.003174,-216.8233795,693.6470947,-2964.915771
167,-187.7596588,846.017334,-3092.888916,-195.541626,873.4589233,-3081.652344,-137.0021362,859.159729,-3067.048584,-119.8761597,872.7019043,-3056.070801,-59.35058212,877.9144897,-3038.473633,-72.45420837,859.5809326,-3068.375977,-168.1192627,691.1312256,-2954.637207,-159.0145569,727.2614136,-2987.822021,-207.8854523,729.8895874,-2998.007568,-216.8026276,693.6690063,-2964.929688
168,-187.7594299,846.0144043,-3092.894043,-195.5441132,873.4671631,-3081.678711,-137.0029144,859.1565552,-3067.045654,-119.8762512,872.7040405,-3056.082031,-59.34883118,877.9158325,-3038.478027,-72.4554596,859.5821533,-3068.380127,-168.1331024,691.196228,-2954.614746,-159.0279236,727.3181152,-2987.820801,-207.8936157,729.9294434,-2998.031738,-216.81604,693.7166748,-2964.940674
169,-187.7632599,846.0231323,-3092.891113,-195.543808,873.4694214,-3081.686768,-137.0033569,859.1553955,-3067.03418,-119.876152,872.7063599,-3056.078857,-59.34955597,877.9197998,-3038.491699,-72.46077728,859.5869141,-3068.388916,-168.1734619,691.2606201,-2954.575195,-159.0576782,727.3725586,-2987.795654,-207.9229889,729.9664307,-2998.051758,-216.8504181,693.7598267,-2964.941895
170,-187.7608948,846.0177002,-3092.894043,-195.5419006,873.4648438,-3081.673584,-137.0026398,859.1549683,-3067.031006,-119.8751144,872.7073975,-3056.072266,-59.35339356,877.9182129,-3038.481934,-72.45694733,859.5889282,-3068.393066,-168.2131958,691.293396,-2954.543213,-159.0901184,727.3965454,-2987.766602,-207.9477997,729.9744263,-2998.048096,-216.8846741,693.7780762,-2964.938721
171,-187.7645721,846.024353,-3092.911865,-195.5453796,873.4711304,-3081.679199,-137.006134,859.1534424,-3067.020752,-119.8805771,872.7096558,-3056.078857,-59.35079575,877.9185791,-3038.47168,-72.45619202,859.5834351,-3068.375977,-168.2325134,691.2799683,-2954.526611,-159.1075897,727.381958,-2987.751709,-207.9632111,729.9543457,-2998.033203,-216.9039764,693.7590332,-2964.94043
172,-187.7671204,846.0169067,-3092.882324,-195.5484009,873.4765625,-3081.6875,-137.0056,859.1586914,-3067.031738,-119.8790512,872.7086182,-3056.065918,-59.34886169,877.9197998,-3038.472168,-72.45809174,859.5844116,-3068.377686,-168.2401581,691.2250977,-2954.524658,-159.1169128,727.3361206,-2987.744629,-207.9718323,729.9137573,-2998.017334,-216.9132233,693.7095947,-2964.920654
173,-187.7650452,846.0211182,-3092.902344,-195.5458832,873.4699097,-3081.66626,-137.0052643,859.1531982,-3067.008301,-119.8801956,872.7144775,-3056.079834,-59.34807587,877.9224243,-3038.47876,-72.4577713,859.5877075,-3068.383545,-168.2398834,691.1541138,-2954.534668,-159.118927,727.2791138,-2987.750732,-207.9727173,729.8673096,-2998.010498,-216.9152069,693.6536865,-2964.921387
174,-187.7614594,846.0115356,-3092.872803,-195.5471039,873.4725952,-3081.682373,-137.0081177,859.1560059,-3067.023193,-119.8807755,872.7128296,-3056.080322,-59.34891129,877.9231567,-3038.474121,-72.45951843,859.5877686,-3068.384033,-168.2404175,691.1015625,-2954.552246,-159.1150818,727.2349854,-2987.744629,-207.9750671,729.8314819,-2998.01001,-216.9149628,693.6084595,-2964.945313
175,-187.7637329,846.0168457,-3092.896973,-195.5466156,873.4661255,-3081.667969,-137.0112457,859.1566772,-3067.033936,-119.8770828,872.7098389,-3056.078125,-59.34809494,877.9210205,-3038.467773,-72.45982361,859.5845337,-3068.377686,-168.2425842,691.0784302,-2954.56665,-159.1173859,727.2146606,-2987.743896,-207.9785767,729.8045044,-2998.010986,-216.9171295,693.5810547,-2964.960205
176,-187.7617798,846.0108643,-3092.888672,-195.5468597,873.4644775,-3081.67041,-137.0078735,859.1552734,-3067.028564,-119.879303,872.7102661,-3056.081787,-59.35039902,877.9213257,-3038.474121,-72.46128082,859.5911865,-3068.394775,-168.2517548,691.064209,-2954.575684,-159.1244202,727.2022095,-2987.761475,-207.9822845,729.7810669,-2998.031494,-216.9228668,693.5552368,-2964.966553
177,-187.7597046,846.0109863,-3092.901855,-195.5462952,873.4644165,-3081.677002,-137.0059357,859.1557617,-3067.034912,-119.8780365,872.7115479,-3056.087891,-59.35239029,877.9206543,-3038.476563,-72.45905304,859.5896606,-3068.388672,-168.2510376,691.0308228,-2954.571777,-159.1249847,727.1754761,-2987.776611,-207.9799957,729.7498779,-2998.053467,-216.9232788,693.515564,-2964.98291
178,-187.7580261,846.0140381,-3092.914551,-195.5427246,873.4593506,-3081.663086,-137.0032043,859.1550293,-3067.036377,-119.8754959,872.7045288,-3056.073975,-59.34752655,877.9194336,-3038.481201,-72.45514679,859.5843506,-3068.385986,-168.2254791,690.9790649,-2954.579346,-159.1036224,727.1309204,-2987.772461,-207.9599915,729.7040405,-2998.053223,-216.8973694,693.4606323,-2964.985596
179,-187.7591705,846.0114136,-3092.894287,-195.5443268,873.4594727,-3081.666504,-137.004303,859.1539917,-3067.040771,-119.8771896,872.7105103,-3056.083984,-59.34846115,877.9226074,-3038.487549,-72.45735931,859.5852051,-3068.386475,-168.1674805,690.9296875,-2954.600586,-159.0562286,727.0910034,-2987.782227,-207.9188995,729.6647949,-2998.056152,-216.8416901,693.4109497,-2964.983887
180,-187.7539978,846.007019,-3092.896973,-195.5444489,873.4678345,-3081.692139,-137.0068207,859.1551514,-3067.044922,-119.8793564,872.7114868,-3056.089355,-59.34949875,877.9191895,-3038.476074,-72.45805359,859.5855103,-3068.381104,-168.0809937,690.9011841,-2954.610352,-158.9950562,727.0791016,-2987.803467,-207.8632202,729.6496582,-2998.049805,-216.7613983,693.3804321,-2964.971436
181,-187.758606,846.012207,-3092.900635,-195.5433502,873.4625854,-3081.675049,-137.0069733,859.1523438,-3067.027344,-119.8815918,872.7120972,-3056.093506,-59.35144806,877.9225464,-3038.487549,-72.45612335,859.585022,-3068.37793,-167.9950256,690.9234619,-2954.610596,-158.9339752,727.1083984,-2987.802002,-207.8092346,729.6676025,-2998.029297,-216.6785278,693.3925781,-2964.952881
182,-187.7581482,846.013855,-3092.904541,-195.5422668,873.4587402,-3081.659424,-137.0077667,859.156189,-3067.03418,-119.8808289,872.7094727,-3056.079346,-59.35202789,877.921814,-3038.488037,-72.45585632,859.5872192,-3068.38623,-167.9394989,691.013855,-2954.604004,-158.8956909,727.1837158,-2987.779297,-207.7722168,729.7171021,-2998.001953,-216.6221161,693.451416,-2964.92627
183,-187.759613,846.0142822,-3092.89502,-195.5447693,873.4634399,-3081.666992,-137.0047455,859.1645508,-3067.042969,-119.8764954,872.710022,-3056.087402,-59.34606552,877.9186401,-3038.470459,-72.45610046,859.5860596,-3068.381592,-167.9128265,691.1323853,-2954.54541,-158.8820496,727.2883301,-2987.7229,-207.752243,729.7841187,-2997.969238,-216.5959778,693.5316772,-2964.889893
184,-187.7602386,846.0167236,-3092.891113,-195.5473022,873.4644775,-3081.667969,-137.0080414,859.1580811,-3067.018066,-119.8794403,872.7172852,-3056.099609,-59.34763336,877.9170532,-3038.462402,-72.45655823,859.583252,-3068.366211,-167.9026794,691.2420654,-2954.452637,-158.8811493,727.3932495,-2987.674561,-207.7493591,729.8547363,-2997.94873,-216.5849609,693.6108398,-2964.853516
185,-187.756134,846.0172119,-3092.890869,-195.543869,873.4638062,-3081.649658,-137.0038605,859.1620483,-3067.033691,-119.8801041,872.7166138,-3056.086426,-59.34746552,877.9193726,-3038.471436,-72.45659638,859.5871582,-3068.377686,-167.9030762,691.3344727,-2954.384277,-158.8852234,727.4793701,-2987.633545,-207.7493896,729.9100342,-2997.916016,-216.5821838,693.6738892,-2964.80957
186,-187.760437,846.0222778,-3092.88916,-195.548111,873.4706421,-3081.664307,-137.0052948,859.1696777,-3067.040771,-119.8802643,872.7166748,-3056.084229,-59.35144806,877.925293,-3038.486816,-72.45593262,859.5900269,-3068.383789,-167.8983154,691.4050903,-2954.346436,-158.8855743,727.5460815,-2987.591553,-207.7422638,729.9481201,-2997.888428,-216.5769959,693.7148438,-2964.78833
187,-187.7599335,846.0253906,-3092.881348,-195.5503235,873.4696655,-3081.666504,-137.0058289,859.1696777,-3067.037109,-119.8838043,872.7143555,-3056.080322,-59.35158157,877.9265137,-3038.487549,-72.45737457,859.5918579,-3068.385498,-167.8832245,691.4433594,-2954.327148,-158.8815155,727.5924683,-2987.574219,-207.7383118,729.9707642,-2997.891602,-216.5600891,693.7323608,-2964.784912
188,-187.7601929,846.0196533,-3092.862793,-195.5447388,873.4730835,-3081.663818,-137.0016479,859.1647339,-3067.010254,-119.8803482,872.71521,-3056.077393,-59.35025024,877.9263306,-3038.48999,-72.45584106,859.5928345,-3068.389404,-167.8553162,691.4428101,-2954.337158,-158.8713074,727.6062012,-2987.588623,-207.7274017,729.960144,-2997.894531,-216.5315857,693.7102051,-2964.792969
189,-187.7635651,846.0304565,-3092.888428,-195.5484619,873.4713135,-3081.657959,-137.0068817,859.1672974,-3067.012695,-119.8814926,872.7177734,-3056.082764,-59.35078812,877.9237061,-3038.476074,-72.45675659,859.5942383,-3068.388428,-167.8140564,691.3936768,-2954.366943,-158.8446808,727.5735474,-2987.608398,-207.7004852,729.9125977,-2997.890381,-216.4940033,693.647644,-2964.826904
190,-187.7612457,846.0270386,-3092.881592,-195.5449677,873.4718628,-3081.666016,-137.0094299,859.170166,-3067.039795,-119.881279,872.7167358,-3056.080322,-59.3487587,877.9234009,-3038.478271,-72.45977783,859.5952759,-3068.393799,-167.7423248,691.2918091,-2954.416016,-158.7953186,727.491394,-2987.613037,-207.6569824,729.8336182,-2997.886475,-216.4304047,693.5482788,-2964.853271
191,-187.7593689,846.0267944,-3092.875244,-195.5455475,873.4765015,-3081.668701,-137.0042725,859.166748,-3067.025635,-119.8787613,872.7180786,-3056.090332,-59.34798431,877.9215698,-3038.467773,-72.45761108,859.5899658,-3068.375488,-167.6511536,691.1542969,-2954.512695,-158.7329102,727.3832397,-2987.640869,-207.6047058,729.7337036,-2997.885498,-216.3461914,693.413269,-2964.871338
192,-187.7554016,846.0213013,-3092.866455,-195.5435181,873.47229,-3081.671143,-137.0033569,859.1690674,-3067.033447,-119.8806305,872.7159424,-3056.088135,-59.35131836,877.9213867,-3038.468018,-72.45651245,859.5874023,-3068.378906,-167.5904083,690.9892578,-2954.567871,-158.6999054,727.2695313,-2987.675049,-207.5747833,729.619812,-2997.893799,-216.2893372,693.2525635,-2964.894287
193,-187.7581177,846.0222778,-3092.881104,-195.5442963,873.4696655,-3081.66333,-137.0049744,859.1731567,-3067.049072,-119.8779221,872.7163086,-3056.083496,-59.3463707,877.9250488,-3038.466553,-72.45500183,859.5906372,-3068.388672,-167.5999146,690.8215332,-2954.587891,-158.7164001,727.1450806,-2987.667725,-207.5908051,729.4888916,-2997.915039,-216.2942505,693.0761719,-2964.933105
194,-187.7519836,846.0162964,-3092.859131,-195.5439758,873.4659424,-3081.650879,-137.0057831,859.1712036,-3067.041016,-119.8796082,872.7158203,-3056.076172,-59.3476181,877.9238281,-3038.46582,-72.45613098,859.588562,-3068.371826,-167.6656952,690.6498413,-2954.586914,-158.7692871,727.0070801,-2987.631592,-207.6403656,729.3388672,-2997.924072,-216.3516998,692.8930664,-2964.990479
195,-187.7477264,846.0109253,-3092.859619,-195.5450439,873.473877,-3081.668701,-137.0074005,859.1622314,-3067.029297,-119.8777847,872.7154541,-3056.083008,-59.35237122,877.9237061,-3038.474609,-72.45767975,859.5855103,-3068.374756,-167.7575989,690.4648438,-2954.582275,-158.8478394,726.8641357,-2987.589844,-207.7091522,729.1831665,-2997.911377,-216.4385834,692.6992798,-2965.045898
196,-187.7510071,846.0092773,-3092.866455,-195.5474243,873.4741821,-3081.665771,-137.0080872,859.1622925,-3067.029297,-119.8803482,872.7124634,-3056.071777,-59.35276032,877.9266357,-3038.482666,-72.45916748,859.5864258,-3068.378906,-167.8583679,690.2946167,-2954.605713,-158.9316864,726.7349243,-2987.543213,-207.7829742,729.0438843,-2997.887451,-216.5274963,692.5159912,-2965.094238
197,-187.7519684,846.0106201,-3092.870605,-195.5476532,873.4689331,-3081.64917,-137.0071411,859.156311,-3067.008057,-119.8858109,872.7128296,-3056.078857,-59.35172653,877.9273682,-3038.495117,-72.45806122,859.586853,-3068.381104,-167.9416504,690.168335,-2954.644287,-158.996933,726.6434937,-2987.514648,-207.8408356,728.9481201,-2997.895752,-216.5975189,692.383606,-2965.155029
198,-187.7523956,846.0111694,-3092.871826,-195.5464783,873.4693604,-3081.656738,-137.0120544,859.1618652,-3067.030029,-119.8824615,872.7069702,-3056.067871,-59.34889221,877.927124,-3038.490967,-72.45609283,859.5855713,-3068.376221,-167.9897308,690.1209717,-2954.691895,-159.0410309,726.6176147,-2987.528076,-207.8796234,728.9028931,-2997.943848,-216.6381226,692.3150635,-2965.223633
199,-187.7543793,846.0125732,-3092.875488,-195.5519409,873.4695435,-3081.664063,-137.0116425,859.1654663,-3067.038574,-119.8864594,872.7108765,-3056.078125,-59.35049057,877.9246826,-3038.484863,-72.46038818,859.5866699,-3068.381836,-168.0052948,690.1410522,-2954.731934,-159.0740356,726.6513672,-2987.579102,-207.9077911,728.894043,-2998.007324,-216.6485596,692.2925415,-2965.281006
200,-187.7565308,846.0189209,-3092.895264,-195.5490265,873.47052,-3081.664063,-137.0066681,859.1638184,-3067.033691,-119.8805771,872.7074585,-3056.076172,-59.34968567,877.9240723,-3038.491455,-72.45829773,859.5866089,-3068.39209,-168.0150452,690.1781006,-2954.795654,-159.098114,726.6953735,-2987.62207,-207.9298096,728.8961182,-2998.075928,-216.6563721,692.2852783,-2965.361328
